val_loss,val_accuracy,loss,accuracy,dropout,weight_decay,learning_rate
"[1.0036860704421997, 0.6715518236160278, 0.5087772011756897, 0.5311099290847778, 0.5324084758758545, 0.3818855285644531, 0.4668232500553131, 0.4411947727203369, 0.32562118768692017, 0.3276500105857849, 0.5965119004249573, 0.40770667791366577, 0.5737537741661072, 0.5395573377609253, 0.24521103501319885, 0.4542921781539917, 0.3962095379829407, 0.388400137424469, 0.41117238998413086, 0.37329429388046265, 0.43771547079086304, 0.546704113483429, 0.33156639337539673, 0.3520549237728119, 0.43142643570899963]","[0.6348074078559875, 0.7631954550743103, 0.7874464988708496, 0.800285279750824, 0.8445078730583191, 0.851640522480011, 0.8544935584068298, 0.851640522480011, 0.855920135974884, 0.8659058213233948, 0.851640522480011, 0.8616262674331665, 0.8616262674331665, 0.8530670404434204, 0.8573466539382935, 0.8659058213233948, 0.871612012386322, 0.8587731719017029, 0.8773181438446045, 0.8630527853965759, 0.8701854348182678, 0.8730385303497314, 0.8730385303497314, 0.871612012386322, 0.8730385303497314]","[1.6311353370335027, 0.9574710799757912, 0.7263816827722425, 0.6006655246443898, 0.5470813070437168, 0.48190962266378595, 0.4618688550090518, 0.4290962929059977, 0.4129876691391665, 0.39666766233933276, 0.36411611052320214, 0.3714200752413171, 0.363729296077011, 0.33342653364367636, 0.3395585074723616, 0.34186759438270176, 0.31386819787514514, 0.3119599060115651, 0.3076815110156339, 0.30923910052688036, 0.2987972650772486, 0.28459382834088087, 0.28330079884271, 0.27839342634222786, 0.27790363510789357]","[0.35363248, 0.6442308, 0.73183763, 0.7934473, 0.8034188, 0.83511394, 0.8425926, 0.85683763, 0.8543447, 0.86004275, 0.872151, 0.8703704, 0.8710826, 0.8842593, 0.8810541, 0.8764245, 0.88995725, 0.89245015, 0.8935185, 0.8896011, 0.8967236, 0.9002849, 0.9056268, 0.89850426, 0.90242165]",0.1,0.00001,0.0005
"[0.784997820854187, 0.5298510193824768, 0.4312981367111206, 0.5039964914321899, 0.35494109988212585, 0.44667887687683105, 0.29814955592155457, 0.720890998840332, 0.3704795241355896, 0.3747255802154541, 0.4130038022994995, 0.23087799549102783, 0.1819303184747696, 0.3728686273097992, 0.29104146361351013, 0.2521866261959076, 0.2875179648399353, 0.372665137052536, 0.7884380221366882, 0.3865313231945038, 0.5396803021430969, 0.41821256279945374, 0.4162108600139618, 0.3894749879837036, 0.4676644504070282]","[0.7489300966262817, 0.7774607539176941, 0.8074179887771606, 0.7988587617874146, 0.8573466539382935, 0.8459343910217285, 0.867332398891449, 0.840228259563446, 0.8644793033599854, 0.8687589168548584, 0.8373751640319824, 0.8659058213233948, 0.8730385303497314, 0.8687589168548584, 0.8730385303497314, 0.8601996898651123, 0.8801711797714233, 0.871612012386322, 0.8644793033599854, 0.8758915662765503, 0.8730385303497314, 0.8601996898651123, 0.8701854348182678, 0.8659058213233948, 0.867332398891449]","[1.374940718680705, 0.652715831400662, 0.5194977913317178, 0.44932723291579135, 0.40676381589680316, 0.3631743289466597, 0.3588791292617124, 0.3384762945508006, 0.341341318992468, 0.31994283929509654, 0.32222892203901565, 0.30113125136095575, 0.30285618643135764, 0.29278799241934067, 0.274667979305626, 0.2919660161363433, 0.27341721612333914, 0.2618753274961075, 0.27366307471212836, 0.24936402735547122, 0.23620027881062608, 0.24846741917975607, 0.24958141823100227, 0.24437098396130097, 0.2459742125877288]","[0.47792023, 0.7724359, 0.8158832, 0.84045583, 0.8564815, 0.8696581, 0.872151, 0.8803419, 0.8817664, 0.8874644, 0.87998575, 0.8928063, 0.88995725, 0.89387465, 0.9031339, 0.8974359, 0.90776354, 0.89992875, 0.9002849, 0.9081197, 0.91096866, 0.90918803, 0.9081197, 0.90776354, 0.9141738]",0.1,0.00001,0.001
"[0.29699084162712097, 0.2648340165615082, 0.3116629421710968, 0.3480590581893921, 0.30969294905662537, 0.600706160068512, 0.6086859703063965, 0.5363507270812988, 0.3900187909603119, 0.37924617528915405, 0.5881500244140625, 0.8376302123069763, 0.4197714328765869, 0.6521890163421631, 0.849656879901886, 0.4364917576313019, 0.4554470479488373, 0.690221905708313, 1.058814287185669, 0.7895811200141907, 0.6469672322273254, 0.6304135918617249, 0.8941866755485535, 0.6187005043029785, 0.774907112121582]","[0.855920135974884, 0.8502140045166016, 0.851640522480011, 0.871612012386322, 0.8644793033599854, 0.8530670404434204, 0.820256769657135, 0.8445078730583191, 0.8330955505371094, 0.8373751640319824, 0.8345221281051636, 0.7860199809074402, 0.8544935584068298, 0.8616262674331665, 0.8316690325737, 0.8330955505371094, 0.8459343910217285, 0.8302425146102905, 0.7974322438240051, 0.8273894190788269, 0.804564893245697, 0.7845934629440308, 0.800285279750824, 0.8502140045166016, 0.815977156162262]","[0.8152461848367653, 0.43527393785976615, 0.3786141165980586, 0.34876840856679825, 0.3278268511988159, 0.3200359047308267, 0.3163444290303776, 0.28892582323816085, 0.3195744761799136, 0.30163306940315116, 0.2725462278409561, 0.2869530778664809, 0.302512716788512, 0.29924769754763003, 0.28112181545662407, 0.28778028114568815, 0.3116570942082636, 0.31940143396202314, 0.31837834324422387, 0.31890814647375687, 0.32234757467892095, 0.2943464416554171, 0.3132328873346334, 0.3198658102258318, 0.3010114052271911]","[0.70263535, 0.84508544, 0.8593305, 0.8742877, 0.88782054, 0.88247865, 0.883547, 0.90099716, 0.88461536, 0.89245015, 0.9002849, 0.8935185, 0.89138174, 0.88710827, 0.89707977, 0.89387465, 0.8935185, 0.89138174, 0.89138174, 0.89138174, 0.89245015, 0.900641, 0.89921653, 0.89316237, 0.89245015]",0.1,0.00001,0.005
"[1.0670417547225952, 0.5748893022537231, 0.704897403717041, 0.4365899860858917, 0.5972239375114441, 0.6207809448242188, 0.3954627513885498, 0.46754294633865356, 0.4869106709957123, 0.4319586157798767, 0.35158631205558777, 0.5608958005905151, 0.47642993927001953, 0.4666712284088135, 0.38772836327552795, 0.47817710041999817, 0.5063621997833252, 0.36651530861854553, 0.4716719686985016, 0.534612238407135, 0.3985147476196289, 0.3957785665988922, 0.3245813548564911, 0.2904191315174103, 0.4647245407104492]","[0.6262482404708862, 0.7774607539176941, 0.8031383752822876, 0.820256769657135, 0.8017118573188782, 0.8131241202354431, 0.8245363831520081, 0.820256769657135, 0.8259629011154175, 0.8074179887771606, 0.8345221281051636, 0.8116976022720337, 0.8388017416000366, 0.8231098651885986, 0.8330955505371094, 0.8245363831520081, 0.835948646068573, 0.840228259563446, 0.8430812954902649, 0.8388017416000366, 0.8330955505371094, 0.835948646068573, 0.8445078730583191, 0.851640522480011, 0.8373751640319824]","[1.7043640552422938, 0.9793478352391821, 0.7249788543437621, 0.6171669280766762, 0.5504751918662307, 0.5051265248545894, 0.46947429798267504, 0.42813403331316435, 0.40897204877644183, 0.39288594274439365, 0.3716499225536303, 0.363281578929336, 0.3384764726005728, 0.333544467419301, 0.34874808992076123, 0.33169835109656354, 0.32926064738181243, 0.3054107331652247, 0.3046732015079922, 0.30338822869833376, 0.29500400111546204, 0.2925890154308743, 0.2772761292097575, 0.2920356103327879, 0.2624125204704426]","[0.3340456, 0.63924503, 0.74572647, 0.77884614, 0.81232196, 0.82122505, 0.83618236, 0.85149574, 0.8571937, 0.86467236, 0.86858976, 0.8710826, 0.883547, 0.8906695, 0.8789174, 0.88710827, 0.8782051, 0.900641, 0.89921653, 0.8967236, 0.89707977, 0.9031339, 0.8995727, 0.89992875, 0.9081197]",0.1,0.0001,0.0005
"[0.7067393660545349, 0.48477134108543396, 0.47494760155677795, 0.6541926860809326, 0.4118877649307251, 0.2831270396709442, 0.31612294912338257, 0.415544718503952, 0.4482448399066925, 0.41629496216773987, 0.640794575214386, 0.4601041078567505, 0.47873908281326294, 0.20594672858715057, 0.43531811237335205, 0.3611471951007843, 0.362062931060791, 0.24061596393585205, 0.29667791724205017, 0.19868947565555573, 0.34685373306274414, 0.39899447560310364, 0.4095723032951355, 0.4642673432826996, 0.46398159861564636]","[0.8059914112091064, 0.8330955505371094, 0.8288159966468811, 0.8502140045166016, 0.8430812954902649, 0.8473609089851379, 0.8487874269485474, 0.8487874269485474, 0.8487874269485474, 0.867332398891449, 0.8316690325737, 0.8573466539382935, 0.871612012386322, 0.8744650483131409, 0.855920135974884, 0.840228259563446, 0.8701854348182678, 0.8644793033599854, 0.8601996898651123, 0.8701854348182678, 0.8573466539382935, 0.8530670404434204, 0.8445078730583191, 0.8430812954902649, 0.851640522480011]","[1.245724800984744, 0.6372891248461188, 0.5093459786682727, 0.45078782495270425, 0.41940985199732655, 0.40051705901779, 0.3600209362146861, 0.3408321780696554, 0.33029570963308, 0.31305791102243624, 0.31759637972058735, 0.2973783687818424, 0.2819996533910094, 0.2806783368614664, 0.2658214310974817, 0.2703217240819904, 0.26431707974173063, 0.26757510842760746, 0.25091607898388835, 0.2679814627112826, 0.24441888639729925, 0.26210345119832246, 0.2411292962878518, 0.24475875828001234, 0.25426096050997404]","[0.519943, 0.75498575, 0.82229346, 0.8326211, 0.85754985, 0.8543447, 0.8774929, 0.8782051, 0.88283473, 0.8896011, 0.88710827, 0.8935185, 0.89992875, 0.89992875, 0.9027778, 0.9017094, 0.90349, 0.9031339, 0.90776354, 0.90349, 0.9081197, 0.90705127, 0.9127493, 0.9099003, 0.9031339]",0.1,0.0001,0.001
"[0.39489251375198364, 0.4278443157672882, 0.3907054364681244, 0.4608205556869507, 0.7474042177200317, 0.4433693587779999, 0.7882457375526428, 0.5012332797050476, 0.5901774764060974, 0.3094930648803711, 0.6765261292457581, 0.7914888858795166, 0.7049856781959534, 0.5154659152030945, 0.2066657394170761, 0.797775387763977, 0.5581232309341431, 0.39087623357772827, 0.505260169506073, 0.6343216300010681, 0.3788925111293793, 0.4597061276435852, 0.9191238284111023, 0.46763113141059875, 0.47901782393455505]","[0.835948646068573, 0.855920135974884, 0.8659058213233948, 0.8416547775268555, 0.8473609089851379, 0.8459343910217285, 0.8416547775268555, 0.8487874269485474, 0.8216832876205444, 0.871612012386322, 0.8031383752822876, 0.8330955505371094, 0.8302425146102905, 0.835948646068573, 0.8430812954902649, 0.855920135974884, 0.8259629011154175, 0.8445078730583191, 0.840228259563446, 0.8259629011154175, 0.8701854348182678, 0.8630527853965759, 0.8473609089851379, 0.8302425146102905, 0.8630527853965759]","[0.7467321758596306, 0.41058769949481017, 0.3872548914023614, 0.32608102342681666, 0.3804325570068468, 0.32969027893495695, 0.3161252122319322, 0.31147953753287977, 0.3284710419823301, 0.30560694562743534, 0.28893638939259736, 0.30278708707233437, 0.29599912031593484, 0.296740560110478, 0.2990064632858646, 0.29205595682828855, 0.3308511826387498, 0.30814077635096687, 0.2819437545079451, 0.3461528346579299, 0.2862349917576184, 0.3392554559981042, 0.3063877633324376, 0.3324030340566934, 0.31526645797270314]","[0.7229345, 0.84366095, 0.855057, 0.87998575, 0.86004275, 0.88141024, 0.8867521, 0.88532764, 0.8821225, 0.89636755, 0.89316237, 0.8935185, 0.894943, 0.89707977, 0.8956553, 0.8960114, 0.88390315, 0.894943, 0.90384614, 0.88247865, 0.90491456, 0.8874644, 0.90099716, 0.8903134, 0.89850426]",0.1,0.0001,0.005
"[1.121903657913208, 0.735140860080719, 0.6397693753242493, 0.3640444874763489, 0.3822718858718872, 0.45399972796440125, 0.593209981918335, 0.3651130795478821, 0.5235446691513062, 0.4110643267631531, 0.4097597301006317, 0.3352702558040619, 0.41534021496772766, 0.4171105921268463, 0.3630029559135437, 0.5524739623069763, 0.33964231610298157, 0.347581684589386, 0.38049018383026123, 0.43118372559547424, 0.3664395213127136, 0.45895999670028687, 0.32479164004325867, 0.21181084215641022, 0.5670936703681946]","[0.651925802230835, 0.7589158415794373, 0.788873016834259, 0.815977156162262, 0.8116976022720337, 0.815977156162262, 0.8273894190788269, 0.8388017416000366, 0.8445078730583191, 0.8502140045166016, 0.8373751640319824, 0.8373751640319824, 0.8445078730583191, 0.8430812954902649, 0.8459343910217285, 0.8445078730583191, 0.8473609089851379, 0.8473609089851379, 0.8587731719017029, 0.8544935584068298, 0.8473609089851379, 0.8487874269485474, 0.8388017416000366, 0.8487874269485474, 0.851640522480011]","[1.6917991896300575, 0.9883652096799975, 0.7323065479936084, 0.6250697131510135, 0.5489880741491616, 0.4877043257751356, 0.4852607150872548, 0.44278006514592727, 0.4125897486155529, 0.4135501900119999, 0.3869721662794423, 0.3827339874373542, 0.3956672977178525, 0.35927770721946345, 0.34780376470326696, 0.332491055173412, 0.34244756566153634, 0.3345008987477023, 0.31804840084154723, 0.3275645550159987, 0.31276581795127306, 0.3132174293539803, 0.3160989487442875, 0.3027633887070876, 0.29127632926332303]","[0.35398862, 0.6367521, 0.74358976, 0.79131055, 0.8141026, 0.8400997, 0.8315527, 0.8543447, 0.86752135, 0.857906, 0.86752135, 0.8735755, 0.86289173, 0.8810541, 0.8831909, 0.88995725, 0.8896011, 0.8849715, 0.89992875, 0.8903134, 0.89707977, 0.89779204, 0.8906695, 0.8995727, 0.9099003]",0.1,0.001,0.0005
"[0.6357701420783997, 0.5576082468032837, 0.5394545793533325, 0.494773805141449, 0.28219693899154663, 0.2937021851539612, 0.3894597589969635, 0.4041425287723541, 0.36962080001831055, 0.3811221718788147, 0.3334296643733978, 0.24911317229270935, 0.37864696979522705, 0.48411422967910767, 0.3312085270881653, 0.456787109375, 0.2447662204504013, 0.5054072737693787, 0.29405736923217773, 0.3630127012729645, 0.4126802086830139, 0.39629849791526794, 0.3313544988632202, 0.6461518406867981, 0.24268746376037598]","[0.7475035786628723, 0.788873016834259, 0.8074179887771606, 0.8473609089851379, 0.8330955505371094, 0.8245363831520081, 0.8659058213233948, 0.8530670404434204, 0.8701854348182678, 0.855920135974884, 0.8616262674331665, 0.8573466539382935, 0.8701854348182678, 0.8573466539382935, 0.8644793033599854, 0.8573466539382935, 0.855920135974884, 0.8601996898651123, 0.867332398891449, 0.851640522480011, 0.8744650483131409, 0.8616262674331665, 0.851640522480011, 0.8544935584068298, 0.851640522480011]","[1.3313869482431657, 0.660869689578684, 0.5185565906032877, 0.4674533570763732, 0.41468987955666675, 0.39757468175684285, 0.374190476969776, 0.3698689972403382, 0.34700573895901354, 0.3370734244754851, 0.3184983364367417, 0.3272692089916294, 0.29090721777871126, 0.2992770456180953, 0.2929075317844706, 0.29268812521910054, 0.292913247419898, 0.2895178073152178, 0.27724365079165186, 0.2900319371977423, 0.2665776674903696, 0.27442822136260847, 0.25809708721617347, 0.26013135103418616, 0.2577274496908541]","[0.49252138, 0.7624644, 0.81659544, 0.8400997, 0.8603989, 0.86538464, 0.8703704, 0.8668091, 0.8810541, 0.88853276, 0.89102566, 0.89316237, 0.9059829, 0.89921653, 0.90099716, 0.9017094, 0.8995727, 0.9020655, 0.91381764, 0.9017094, 0.91239315, 0.9066951, 0.9145299, 0.91346157, 0.91524214]",0.1,0.001,0.001
"[0.31020304560661316, 0.28929615020751953, 0.4236699938774109, 0.513952374458313, 0.5294674634933472, 0.49374622106552124, 1.1324975490570068, 0.5165144205093384, 0.5613977313041687, 0.39793723821640015, 0.9284015893936157, 0.27656978368759155, 0.3200944662094116, 0.5472065210342407, 0.6988039612770081, 0.732795238494873, 0.40422651171684265, 0.7433643341064453, 0.3491681218147278, 0.7416809797286987, 0.524664580821991, 0.38880249857902527, 0.6445193290710449, 0.38003072142601013, 0.46686190366744995]","[0.8345221281051636, 0.8659058213233948, 0.8487874269485474, 0.8459343910217285, 0.8174037337303162, 0.804564893245697, 0.7803138494491577, 0.8544935584068298, 0.8616262674331665, 0.815977156162262, 0.8373751640319824, 0.8445078730583191, 0.8530670404434204, 0.8445078730583191, 0.8302425146102905, 0.7931526303291321, 0.8630527853965759, 0.8730385303497314, 0.8758915662765503, 0.840228259563446, 0.804564893245697, 0.851640522480011, 0.8530670404434204, 0.8573466539382935, 0.855920135974884]","[0.7581735441827366, 0.4317979656393372, 0.3899923101959065, 0.3842358133222303, 0.34830940177298, 0.34050299800359285, 0.37973594011744205, 0.33430375400771445, 0.36577704251661597, 0.3314073383808136, 0.3574854099003338, 0.3243646776234662, 0.338374322126394, 0.33907168381913777, 0.33062362127494266, 0.34229044845471013, 0.33749853358988746, 0.3596577433779029, 0.34374216861195034, 0.3676240411918727, 0.3467904370055239, 0.3683436243792205, 0.3672940031415717, 0.35334939868361864, 0.3805015864874902]","[0.7247151, 0.8532764, 0.86858976, 0.87464386, 0.87856126, 0.89102566, 0.87927353, 0.8945869, 0.8774929, 0.89138174, 0.8896011, 0.894943, 0.8928063, 0.8888889, 0.8956553, 0.894943, 0.89779204, 0.8881766, 0.894943, 0.88710827, 0.8981481, 0.8988604, 0.88710827, 0.8981481, 0.8856838]",0.1,0.001,0.005
"[1.1926631927490234, 0.8090580701828003, 0.6719534397125244, 0.5837644934654236, 0.4871876835823059, 0.5753004550933838, 0.503447413444519, 0.6244316697120667, 0.647977888584137, 0.5423755049705505, 0.4784395396709442, 0.47744306921958923, 0.45171746611595154, 0.6208024621009827, 0.43799614906311035, 0.6758440136909485, 0.57920902967453, 0.2929069399833679, 0.45426517724990845, 0.5447508692741394, 0.34347283840179443, 0.34711337089538574, 0.37882423400878906, 0.39877134561538696, 0.550283670425415]","[0.6647646427154541, 0.8088445067405701, 0.8273894190788269, 0.820256769657135, 0.8188302516937256, 0.815977156162262, 0.8502140045166016, 0.8373751640319824, 0.8502140045166016, 0.8587731719017029, 0.8459343910217285, 0.8573466539382935, 0.867332398891449, 0.8744650483131409, 0.8758915662765503, 0.8587731719017029, 0.8601996898651123, 0.8701854348182678, 0.8730385303497314, 0.8473609089851379, 0.8601996898651123, 0.8758915662765503, 0.8659058213233948, 0.8701854348182678, 0.867332398891449]","[1.7877549975685925, 1.084854187449159, 0.8363571571149038, 0.708332445037331, 0.6682625786531345, 0.6078600992164721, 0.5788234870488148, 0.5362186796135373, 0.5288619996815326, 0.5050619034006385, 0.48835831473016333, 0.4836853095608899, 0.47829334034539356, 0.4534183465517484, 0.4484458080893568, 0.4374106286937355, 0.44358637886509256, 0.41670445915300963, 0.4244138645989942, 0.41440241374181547, 0.4060850102677305, 0.40594388769562767, 0.3972005556281815, 0.40104685159150694, 0.3989788236101808]","[0.3482906, 0.6460114, 0.744302, 0.79522794, 0.8108974, 0.83084047, 0.8393875, 0.8593305, 0.8571937, 0.87393165, 0.87856126, 0.87464386, 0.8742877, 0.883547, 0.8821225, 0.886396, 0.8831909, 0.8942308, 0.89138174, 0.8967236, 0.8942308, 0.89779204, 0.9027778, 0.8988604, 0.90491456]",0.1,0.01,0.0005
"[0.7201400399208069, 0.5060588121414185, 0.462200790643692, 0.5882951021194458, 0.5656287670135498, 0.4988105297088623, 0.6262812614440918, 0.4258838891983032, 0.5580097436904907, 0.40756088495254517, 0.452567458152771, 0.5814202427864075, 0.46079057455062866, 0.4844164252281189, 0.5225971937179565, 0.36219072341918945, 0.4149962365627289, 0.45679792761802673, 0.5043984055519104, 0.48720747232437134, 0.6169361472129822, 0.5404950976371765, 0.45352524518966675, 0.4858289361000061, 0.506007730960846]","[0.7931526303291321, 0.7845934629440308, 0.8131241202354431, 0.7931526303291321, 0.8416547775268555, 0.8017118573188782, 0.8416547775268555, 0.8345221281051636, 0.8174037337303162, 0.840228259563446, 0.8473609089851379, 0.8502140045166016, 0.8145506381988525, 0.840228259563446, 0.835948646068573, 0.8487874269485474, 0.8373751640319824, 0.8473609089851379, 0.8245363831520081, 0.855920135974884, 0.8502140045166016, 0.8644793033599854, 0.8701854348182678, 0.8644793033599854, 0.8687589168548584]","[1.4661850463970434, 0.7686833885320571, 0.6329407900826544, 0.5620797483669726, 0.5340535695056969, 0.5131181959073428, 0.47601883312915466, 0.47606353508441196, 0.4411216775576274, 0.42637546789272557, 0.4223109423434972, 0.4163104465544394, 0.405969758828481, 0.39875944879999187, 0.38995491261156195, 0.38209796860347106, 0.38882727712987153, 0.3979252603998211, 0.3835114424894338, 0.37465048252347527, 0.38460605470543235, 0.3830772738511066, 0.367578717887911, 0.3670810647839495, 0.3753998096172626]","[0.47008547, 0.7695869, 0.8187322, 0.8433049, 0.8543447, 0.8639601, 0.877849, 0.87606835, 0.8888889, 0.8995727, 0.892094, 0.89779204, 0.8942308, 0.9002849, 0.9081197, 0.9127493, 0.90527064, 0.8995727, 0.9020655, 0.90776354, 0.90705127, 0.90776354, 0.9106125, 0.9113248, 0.9002849]",0.1,0.01,0.001
"[0.6045123338699341, 0.6527301073074341, 0.6898903846740723, 0.6011687517166138, 0.5732488036155701, 0.5153006911277771, 0.7829297780990601, 0.5298582911491394, 0.6706481575965881, 0.7883244156837463, 0.5378771424293518, 0.6084263324737549, 0.4397639036178589, 0.6570554375648499, 0.5133745670318604, 0.7396069169044495, 0.71953946352005, 0.7385779619216919, 0.6429998874664307, 0.4183337986469269, 0.6315419673919678, 0.5266696214675903, 0.5157833099365234, 0.7907342314720154, 0.5205084085464478]","[0.855920135974884, 0.8345221281051636, 0.8801711797714233, 0.7917261123657227, 0.851640522480011, 0.8102710247039795, 0.8473609089851379, 0.8587731719017029, 0.7917261123657227, 0.855920135974884, 0.8131241202354431, 0.8730385303497314, 0.8473609089851379, 0.8388017416000366, 0.8587731719017029, 0.8530670404434204, 0.8430812954902649, 0.8188302516937256, 0.8273894190788269, 0.8730385303497314, 0.8445078730583191, 0.788873016834259, 0.867332398891449, 0.7831668853759766, 0.8174037337303162]","[0.9478820827272203, 0.5814453309078162, 0.5419761434919135, 0.5657221705485613, 0.5174351193626382, 0.48330952129472693, 0.47525499043641267, 0.49022096437946006, 0.47515582834553516, 0.4645898410907158, 0.48335029876809515, 0.49582998976748216, 0.4729856247575874, 0.4855454609095201, 0.4945439365175035, 0.47633111544823714, 0.47335331715070283, 0.47373908995902775, 0.5107069300790118, 0.48448353360521146, 0.5003308641944516, 0.4881608267115731, 0.4880711848919208, 0.49011271937280637, 0.49883972070156]","[0.71011394, 0.8457977, 0.8639601, 0.84651, 0.8732194, 0.8796296, 0.8810541, 0.8710826, 0.87606835, 0.88532764, 0.8803419, 0.869302, 0.87927353, 0.8782051, 0.8796296, 0.87998575, 0.88283473, 0.88390315, 0.866453, 0.8796296, 0.87001425, 0.875, 0.8757123, 0.8764245, 0.86858976]",0.1,0.01,0.005
"[0.909173309803009, 0.774051308631897, 0.6960095763206482, 0.3814872205257416, 0.425439715385437, 0.5385054349899292, 0.4571625888347626, 0.3850506544113159, 0.47323834896087646, 0.4211692810058594, 0.4595129191875458, 0.3053719997406006, 0.4006803333759308, 0.28005456924438477, 0.375906378030777, 0.3861061930656433, 0.37182602286338806, 0.5587535500526428, 0.33051618933677673, 0.3210988938808441, 0.3497755229473114, 0.4183155298233032, 0.4914741516113281, 0.4168488681316376, 0.3445080518722534]","[0.6305277943611145, 0.7503566145896912, 0.804564893245697, 0.8345221281051636, 0.8345221281051636, 0.8259629011154175, 0.8288159966468811, 0.840228259563446, 0.8487874269485474, 0.8273894190788269, 0.855920135974884, 0.8544935584068298, 0.8388017416000366, 0.8502140045166016, 0.8416547775268555, 0.8502140045166016, 0.8659058213233948, 0.8601996898651123, 0.8616262674331665, 0.8630527853965759, 0.8630527853965759, 0.8659058213233948, 0.8587731719017029, 0.8459343910217285, 0.8587731719017029]","[1.575700910003097, 0.9206321748912843, 0.7057924598370522, 0.5956441428926256, 0.52224413901992, 0.4909180817101416, 0.44516292834213994, 0.44377616277107823, 0.41610792831138327, 0.3928867058027164, 0.3842068161719885, 0.37269586630356616, 0.3608460497652364, 0.352376087099059, 0.3440409001291987, 0.33002555064665967, 0.3162339474910345, 0.32308123661921573, 0.30464417625356605, 0.310973651813306, 0.2954910242574507, 0.28264321620308097, 0.2968322301012838, 0.2762627269637551, 0.2888013648341524]","[0.39102563, 0.6574074, 0.7475071, 0.79415953, 0.8247863, 0.8233618, 0.8397436, 0.8482906, 0.8564815, 0.8682336, 0.8611111, 0.8678775, 0.87072647, 0.87393165, 0.8774929, 0.88532764, 0.8860399, 0.88461536, 0.8881766, 0.88782054, 0.8974359, 0.9002849, 0.89529914, 0.9027778, 0.9002849]",0.3,0.00001,0.0005
"[0.7056289315223694, 0.5049704909324646, 0.4115452468395233, 0.44278207421302795, 0.502464771270752, 0.5565279722213745, 0.5031324028968811, 0.40733572840690613, 0.35686951875686646, 0.3509407341480255, 0.2842251658439636, 0.34660792350769043, 0.44283559918403625, 0.3184521198272705, 0.3869224190711975, 0.4081501066684723, 0.5760279297828674, 0.20477499067783356, 0.3401576280593872, 0.25877732038497925, 0.2767042815685272, 0.47278451919555664, 0.2581881582736969, 0.3402346670627594, 0.3329026401042938]","[0.7803138494491577, 0.8102710247039795, 0.8131241202354431, 0.8302425146102905, 0.8459343910217285, 0.8487874269485474, 0.8330955505371094, 0.8459343910217285, 0.8544935584068298, 0.8616262674331665, 0.8659058213233948, 0.8473609089851379, 0.867332398891449, 0.8430812954902649, 0.855920135974884, 0.8601996898651123, 0.855920135974884, 0.871612012386322, 0.8502140045166016, 0.8473609089851379, 0.8487874269485474, 0.8544935584068298, 0.8544935584068298, 0.8330955505371094, 0.871612012386322]","[1.2977598270459731, 0.6357776636411662, 0.5108161191655021, 0.45609875732337646, 0.4015207712636714, 0.37777794672553017, 0.3682427087061086, 0.33602483175758624, 0.3221591573495131, 0.32632595623320665, 0.3093766037724976, 0.2932951351855895, 0.282912014216779, 0.2832963586363018, 0.27751403465400054, 0.2751468387764064, 0.2541670086037399, 0.2685787165776277, 0.25450810900440923, 0.2434630305678756, 0.24605537628346358, 0.24506149528033375, 0.24264670216459833, 0.24344984095999997, 0.22921560447864722]","[0.5117521, 0.7685185, 0.8219373, 0.83618236, 0.85470086, 0.8678775, 0.8689459, 0.8860399, 0.87927353, 0.87856126, 0.8928063, 0.8960114, 0.8942308, 0.89316237, 0.89921653, 0.8956553, 0.9106125, 0.8967236, 0.9074074, 0.912037, 0.9102564, 0.91631055, 0.9145299, 0.9141738, 0.9184473]",0.3,0.00001,0.001
"[0.8160749673843384, 0.5056360363960266, 0.7082316875457764, 0.42891833186149597, 0.33306795358657837, 0.704914927482605, 0.5795395970344543, 0.8528337478637695, 0.4304850399494171, 0.3502572178840637, 0.610012412071228, 0.8447489142417908, 0.7238895893096924, 0.822791576385498, 0.8730050921440125, 0.5295634269714355, 0.19309331476688385, 0.21089589595794678, 0.382974237203598, 0.5648738145828247, 0.22258880734443665, 1.2356312274932861, 0.6296803951263428, 0.4634023904800415, 0.7836889028549194]","[0.7831668853759766, 0.835948646068573, 0.8416547775268555, 0.8145506381988525, 0.8544935584068298, 0.8430812954902649, 0.8373751640319824, 0.8102710247039795, 0.851640522480011, 0.8644793033599854, 0.8573466539382935, 0.7917261123657227, 0.8174037337303162, 0.8487874269485474, 0.8388017416000366, 0.8473609089851379, 0.8701854348182678, 0.8430812954902649, 0.8601996898651123, 0.8445078730583191, 0.8330955505371094, 0.8388017416000366, 0.8288159966468811, 0.8345221281051636, 0.8502140045166016]","[0.7465984087723953, 0.4082686196365248, 0.3943030231358998, 0.37198362637449195, 0.3120187941269997, 0.3286907608352835, 0.3169354103993826, 0.36473725492033865, 0.31735463172961503, 0.32311672787381035, 0.31968724897444417, 0.2947526290545776, 0.29541087464729265, 0.3232248065478442, 0.3191854963954697, 0.29143295744885067, 0.2733190559763514, 0.2774924033048146, 0.32259316899497964, 0.3132039952991355, 0.28794750511816086, 0.29026088127043853, 0.33421645723177157, 0.31244540885303096, 0.309573995167034]","[0.73112535, 0.85149574, 0.8557692, 0.8632479, 0.88532764, 0.8796296, 0.8821225, 0.8742877, 0.88853276, 0.8842593, 0.8935185, 0.89529914, 0.8942308, 0.89245015, 0.8903134, 0.89245015, 0.9017094, 0.9017094, 0.8896011, 0.89387465, 0.9027778, 0.8981481, 0.8888889, 0.8960114, 0.8956553]",0.3,0.00001,0.005
"[0.7974045872688293, 0.6324595212936401, 0.5064703822135925, 0.4263885021209717, 0.25529804825782776, 0.3820108473300934, 0.5391038060188293, 0.456677109003067, 0.4102739095687866, 0.4404066503047943, 0.2620488703250885, 0.2942814826965332, 0.4063030481338501, 0.2993132472038269, 0.3459809720516205, 0.6039387583732605, 0.29462188482284546, 0.4674285650253296, 0.2905861437320709, 0.32761189341545105, 0.2698628008365631, 0.5002379417419434, 0.21085533499717712, 0.3129478693008423, 0.3347550630569458]","[0.7061340808868408, 0.800285279750824, 0.8216832876205444, 0.8430812954902649, 0.835948646068573, 0.8459343910217285, 0.8373751640319824, 0.8601996898651123, 0.8601996898651123, 0.8530670404434204, 0.8587731719017029, 0.851640522480011, 0.8616262674331665, 0.855920135974884, 0.8601996898651123, 0.855920135974884, 0.8473609089851379, 0.8487874269485474, 0.8459343910217285, 0.8630527853965759, 0.8530670404434204, 0.851640522480011, 0.8701854348182678, 0.8601996898651123, 0.8487874269485474]","[1.6901451580205196, 0.9433376002855111, 0.7276968641838117, 0.6143761260217411, 0.5468232123940079, 0.47762881622694836, 0.4592384453173037, 0.427133171052335, 0.422607184220583, 0.39845539446909545, 0.3836337803435801, 0.37219508072929164, 0.3543162928347574, 0.34857954734410995, 0.3432653736524772, 0.331772286285702, 0.3270305356918237, 0.3161649630959557, 0.2939783162371046, 0.3091858721356786, 0.29457250445486816, 0.3033296382664955, 0.3067760161864452, 0.2864091268971435, 0.28324550627982853]","[0.34223646, 0.6559829, 0.7446581, 0.78205127, 0.8076923, 0.8301282, 0.837963, 0.849359, 0.85612535, 0.8593305, 0.8657407, 0.8682336, 0.87713677, 0.8657407, 0.88247865, 0.88532764, 0.87927353, 0.88853276, 0.9013533, 0.88710827, 0.89850426, 0.8945869, 0.8928063, 0.9017094, 0.900641]",0.3,0.0001,0.0005
"[0.5872307419776917, 0.5642584562301636, 0.4683156907558441, 0.46552208065986633, 0.46895819902420044, 0.6838558316230774, 0.5105714797973633, 0.5239773988723755, 0.4004698097705841, 0.549157440662384, 0.39563482999801636, 0.4851627051830292, 0.7368553280830383, 0.4029269516468048, 0.38471344113349915, 0.643409788608551, 0.36827054619789124, 0.2236325740814209, 0.6763449907302856, 0.5541744828224182, 0.3858449161052704, 0.4416578412055969, 0.4925134479999542, 0.5232039093971252, 0.2687240540981293]","[0.7446504831314087, 0.7974322438240051, 0.800285279750824, 0.8302425146102905, 0.8430812954902649, 0.8345221281051636, 0.8388017416000366, 0.8330955505371094, 0.8473609089851379, 0.8316690325737, 0.8473609089851379, 0.8544935584068298, 0.8445078730583191, 0.8601996898651123, 0.855920135974884, 0.8587731719017029, 0.8473609089851379, 0.8544935584068298, 0.851640522480011, 0.835948646068573, 0.8459343910217285, 0.8587731719017029, 0.8701854348182678, 0.8630527853965759, 0.8587731719017029]","[1.3010825557246846, 0.6359994061652072, 0.5048111155841425, 0.45568302672812744, 0.40581128807828637, 0.38090852548254184, 0.34422852374889235, 0.32689324810973597, 0.3262592493808507, 0.306829059395695, 0.3160790831614763, 0.2935493048439678, 0.2930120606707711, 0.2907919928728685, 0.29048248267920945, 0.28384746967727303, 0.26106247925690435, 0.2722116847578277, 0.25832780737143296, 0.2470830654316818, 0.26041875652268404, 0.2500581625859622, 0.24550519947312835, 0.2395397433188566, 0.25349469291858184]","[0.5007123, 0.77279204, 0.8240741, 0.8358262, 0.8557692, 0.866453, 0.8782051, 0.89102566, 0.88995725, 0.8906695, 0.87998575, 0.89636755, 0.89102566, 0.89636755, 0.89636755, 0.8942308, 0.9066951, 0.9074074, 0.9102564, 0.9127493, 0.9017094, 0.90527064, 0.9042023, 0.9145299, 0.9074074]",0.3,0.0001,0.001
"[0.6048984527587891, 0.32292038202285767, 0.3801499009132385, 0.39648160338401794, 0.5263268351554871, 0.5570823550224304, 0.7049079537391663, 0.5758873820304871, 0.2028968185186386, 0.39241844415664673, 0.3094766438007355, 0.5012844800949097, 0.5163292288780212, 0.31415459513664246, 0.7495982646942139, 0.714165985584259, 0.5837779641151428, 0.4450572729110718, 0.42781883478164673, 0.6816855669021606, 1.0513701438903809, 0.7943251132965088, 0.7418969869613647, 0.34661078453063965, 0.6383590698242188]","[0.8116976022720337, 0.8573466539382935, 0.855920135974884, 0.820256769657135, 0.8587731719017029, 0.8288159966468811, 0.8587731719017029, 0.8273894190788269, 0.8530670404434204, 0.8530670404434204, 0.855920135974884, 0.8430812954902649, 0.8330955505371094, 0.8288159966468811, 0.8502140045166016, 0.8288159966468811, 0.8544935584068298, 0.8587731719017029, 0.8430812954902649, 0.8445078730583191, 0.8102710247039795, 0.8074179887771606, 0.8273894190788269, 0.8587731719017029, 0.8388017416000366]","[0.9033966493232977, 0.456959709397748, 0.3955217608783999, 0.3731980354357988, 0.32432023174742347, 0.3292616126034674, 0.31643510161981286, 0.3178723617496654, 0.3141795720512371, 0.30585805405239097, 0.3020103927011843, 0.3051905224465916, 0.31733863433541737, 0.30438872509532505, 0.33775885297022656, 0.3040120059948022, 0.33165586741901193, 0.29863387651932544, 0.2815363317982763, 0.26561893038770074, 0.25898547508777714, 0.3022126531668878, 0.2861190653934098, 0.2863429780529435, 0.325394690164134]","[0.6780627, 0.837963, 0.8596866, 0.86538464, 0.8842593, 0.8817664, 0.88390315, 0.88782054, 0.8881766, 0.88782054, 0.89245015, 0.89636755, 0.8856838, 0.8967236, 0.8849715, 0.8995727, 0.8867521, 0.89529914, 0.9020655, 0.9113248, 0.9127493, 0.8981481, 0.9017094, 0.9017094, 0.8945869]",0.3,0.0001,0.005
"[0.878265380859375, 0.6773417592048645, 0.5284799337387085, 0.4723368287086487, 0.43098095059394836, 0.4521392583847046, 0.46186143159866333, 0.3588908314704895, 0.4755784571170807, 0.49289000034332275, 0.3245246112346649, 0.3531609773635864, 0.5710369348526001, 0.2366006076335907, 0.30541253089904785, 0.40439486503601074, 0.4360935091972351, 0.30357587337493896, 0.3457127511501312, 0.37378689646720886, 0.35605400800704956, 0.31029629707336426, 0.31527698040008545, 0.4895392060279846, 0.2851394712924957]","[0.6633380651473999, 0.7417974472045898, 0.7660484910011292, 0.7974322438240051, 0.804564893245697, 0.8231098651885986, 0.8487874269485474, 0.8373751640319824, 0.8487874269485474, 0.8630527853965759, 0.8701854348182678, 0.8701854348182678, 0.8630527853965759, 0.8659058213233948, 0.8687589168548584, 0.8573466539382935, 0.8687589168548584, 0.8773181438446045, 0.8630527853965759, 0.871612012386322, 0.8573466539382935, 0.8644793033599854, 0.8758915662765503, 0.8687589168548584, 0.8659058213233948]","[1.5621249176498153, 0.9459557295524836, 0.7091928185560764, 0.5932155066405945, 0.5348155800773208, 0.49627922683359893, 0.47554137334864366, 0.43706079120309943, 0.4124789804305106, 0.39324278751669445, 0.37855905455741445, 0.38246365396725146, 0.3710704973110786, 0.3564293148510816, 0.359878024739078, 0.3361489782985459, 0.341680853455155, 0.3237550475149073, 0.32094364700324174, 0.31172019302675186, 0.3107425606148875, 0.3131768354493329, 0.30659372140878965, 0.30638682604515316, 0.3010041025119629]","[0.39494303, 0.64779204, 0.7482194, 0.8002137, 0.8194444, 0.8287037, 0.84081197, 0.849359, 0.8571937, 0.86858976, 0.872151, 0.8732194, 0.8689459, 0.8810541, 0.8821225, 0.88782054, 0.8856838, 0.8906695, 0.8942308, 0.9013533, 0.8945869, 0.894943, 0.89850426, 0.8981481, 0.894943]",0.3,0.001,0.0005
"[0.655402660369873, 0.5590277910232544, 0.37324926257133484, 0.3789477050304413, 0.4260394871234894, 0.345314621925354, 0.43653860688209534, 0.42873817682266235, 0.47860899567604065, 0.37435638904571533, 0.38480260968208313, 0.26833459734916687, 0.3577748239040375, 0.29461124539375305, 0.4170723259449005, 0.6141437888145447, 0.4925675392150879, 0.4964921176433563, 0.3242800235748291, 0.4512788653373718, 0.5161526203155518, 0.47849997878074646, 0.28464600443840027, 0.4172278046607971, 0.4374167323112488]","[0.7660484910011292, 0.8088445067405701, 0.8245363831520081, 0.8487874269485474, 0.8231098651885986, 0.8445078730583191, 0.855920135974884, 0.855920135974884, 0.851640522480011, 0.855920135974884, 0.8544935584068298, 0.8659058213233948, 0.867332398891449, 0.8587731719017029, 0.8616262674331665, 0.8430812954902649, 0.8302425146102905, 0.8573466539382935, 0.855920135974884, 0.8445078730583191, 0.851640522480011, 0.8573466539382935, 0.8473609089851379, 0.8601996898651123, 0.8601996898651123]","[1.3319609368968213, 0.6753533406135364, 0.5367818414485692, 0.45051208953572136, 0.43346796042559155, 0.3986788787733116, 0.37588821975593895, 0.3669829439064037, 0.3439739738774096, 0.33199832700935866, 0.3285484803028596, 0.31270881587283905, 0.313396062012072, 0.31011260994988626, 0.303396565027726, 0.29722497949742865, 0.2882283405106292, 0.2713504550803421, 0.2662429642303717, 0.27284314396374587, 0.26824318547534126, 0.2600834204090966, 0.26722812177109245, 0.26621710065423254, 0.26109954044010564]","[0.49643874, 0.761396, 0.82122505, 0.8433049, 0.8543447, 0.86289173, 0.875, 0.87606835, 0.88532764, 0.88532764, 0.886396, 0.8945869, 0.8960114, 0.900641, 0.8942308, 0.89921653, 0.9027778, 0.9102564, 0.9159544, 0.9056268, 0.9066951, 0.91773504, 0.9031339, 0.9099003, 0.91239315]",0.3,0.001,0.001
"[0.4376681447029114, 0.4627269506454468, 0.4675138294696808, 0.2986334264278412, 0.8678842782974243, 0.9137011766433716, 0.4477401375770569, 0.5335809588432312, 0.5314371585845947, 0.43976497650146484, 0.6619616150856018, 0.4903019070625305, 0.46514540910720825, 0.6250894665718079, 0.5347902774810791, 0.5137189030647278, 0.9015523791313171, 0.47223612666130066, 0.6120471358299255, 0.35904669761657715, 0.5106064677238464, 0.5062816143035889, 0.7215219736099243, 0.39317694306373596, 0.4944024085998535]","[0.8587731719017029, 0.8659058213233948, 0.8787446618080139, 0.840228259563446, 0.8031383752822876, 0.8430812954902649, 0.8259629011154175, 0.8687589168548584, 0.8601996898651123, 0.8430812954902649, 0.851640522480011, 0.8601996898651123, 0.8487874269485474, 0.8573466539382935, 0.8473609089851379, 0.8544935584068298, 0.8302425146102905, 0.8616262674331665, 0.8601996898651123, 0.871612012386322, 0.8459343910217285, 0.8473609089851379, 0.840228259563446, 0.855920135974884, 0.8573466539382935]","[0.8958281973148683, 0.4837903191900661, 0.3852278586381521, 0.36674299309735964, 0.3855879638354663, 0.3520412838187313, 0.33701625084265685, 0.3671971371031215, 0.36088414562393795, 0.34563513944970914, 0.32304687798023224, 0.3083374239610471, 0.3548522450645425, 0.3754317261214949, 0.3627963314878295, 0.3384990938368686, 0.3351774467871739, 0.3413541927466705, 0.3479913515582723, 0.38689904810696246, 0.3464240131215153, 0.3394526393495054, 0.32788339231768227, 0.3637664329971683, 0.36861853993516364]","[0.67770654, 0.8354701, 0.87464386, 0.8732194, 0.86858976, 0.8817664, 0.8896011, 0.88247865, 0.8821225, 0.8856838, 0.894943, 0.9002849, 0.8842593, 0.8803419, 0.89102566, 0.8956553, 0.89316237, 0.8995727, 0.89707977, 0.8831909, 0.89707977, 0.9020655, 0.90491456, 0.89245015, 0.89102566]",0.3,0.001,0.005
"[1.2078710794448853, 0.8622215390205383, 0.5790867805480957, 0.5991637706756592, 0.5430243611335754, 0.5818711519241333, 0.5320858955383301, 0.5405213236808777, 0.4908501207828522, 0.536092221736908, 0.5232040882110596, 0.45269662141799927, 0.4912604093551636, 0.4879399240016937, 0.6309329271316528, 0.3790498971939087, 0.40143057703971863, 0.4870451092720032, 0.5026323199272156, 0.6271403431892395, 0.5732323527336121, 0.5954211950302124, 0.49531853199005127, 0.47714942693710327, 0.4424426257610321]","[0.6348074078559875, 0.7902995944023132, 0.8388017416000366, 0.8345221281051636, 0.8430812954902649, 0.8502140045166016, 0.8644793033599854, 0.8445078730583191, 0.8630527853965759, 0.867332398891449, 0.8701854348182678, 0.8587731719017029, 0.8630527853965759, 0.8773181438446045, 0.8630527853965759, 0.8587731719017029, 0.8858773112297058, 0.8630527853965759, 0.8787446618080139, 0.8587731719017029, 0.871612012386322, 0.8744650483131409, 0.8773181438446045, 0.8687589168548584, 0.8616262674331665]","[1.758445557026442, 1.0702978912581744, 0.81533455543029, 0.6944054694596858, 0.6508966336223135, 0.5964078203565375, 0.5546569165341195, 0.5476015429211478, 0.5196581336847398, 0.4941267851750735, 0.4979468564532082, 0.4787637630419174, 0.4709530014258165, 0.4563628083620316, 0.4517678910510832, 0.445145447624375, 0.43000115331081923, 0.4199947927072856, 0.4181038996263107, 0.426318076261428, 0.42369987456886854, 0.4007636869055593, 0.3970354085634237, 0.3887273552071335, 0.4024180219723628]","[0.36858973, 0.6502849, 0.755698, 0.80519944, 0.81980056, 0.8397436, 0.85363245, 0.84615386, 0.863604, 0.8678775, 0.86467236, 0.877849, 0.88390315, 0.88390315, 0.8856838, 0.8796296, 0.894943, 0.89245015, 0.9002849, 0.8960114, 0.89138174, 0.900641, 0.900641, 0.9102564, 0.9017094]",0.3,0.01,0.0005
"[0.7486995458602905, 0.6985366940498352, 0.6060264706611633, 0.6050388813018799, 0.504175066947937, 0.5382709503173828, 0.6493391990661621, 0.5991012454032898, 0.5991936922073364, 0.5321390628814697, 0.44229382276535034, 0.6226708292961121, 0.2828896641731262, 0.417519748210907, 0.5893968343734741, 0.4487680196762085, 0.5450351238250732, 0.4383537769317627, 0.4863883852958679, 0.40627992153167725, 0.5163761377334595, 0.4778219163417816, 0.44864436984062195, 0.2822359502315521, 0.5406932234764099]","[0.7931526303291321, 0.8273894190788269, 0.8330955505371094, 0.8544935584068298, 0.8630527853965759, 0.8630527853965759, 0.8573466539382935, 0.867332398891449, 0.8701854348182678, 0.8687589168548584, 0.8659058213233948, 0.871612012386322, 0.8758915662765503, 0.8758915662765503, 0.8601996898651123, 0.8701854348182678, 0.8659058213233948, 0.8644793033599854, 0.8487874269485474, 0.8773181438446045, 0.8188302516937256, 0.8687589168548584, 0.8373751640319824, 0.8587731719017029, 0.867332398891449]","[1.3944724051021782, 0.7547733697116884, 0.628140257294701, 0.5668112599951589, 0.5296833379316194, 0.4963756004969279, 0.47759421700425975, 0.4447038139712777, 0.44740658353196927, 0.4330435231370464, 0.42390934456447593, 0.4001806198361932, 0.3918967547579708, 0.39517571630640924, 0.392328270565071, 0.393845138726411, 0.38866195863807984, 0.39213607496345826, 0.3803177730649964, 0.3795595419542742, 0.39040510538976075, 0.37870963618286657, 0.36609991128288444, 0.36263539818277385, 0.36372975814036834]","[0.5014245, 0.7792023, 0.82086897, 0.84757835, 0.8543447, 0.86716527, 0.8732194, 0.8881766, 0.8842593, 0.8935185, 0.88995725, 0.9017094, 0.9031339, 0.9002849, 0.9045584, 0.90491456, 0.8981481, 0.89992875, 0.90954417, 0.90954417, 0.9081197, 0.9066951, 0.9131054, 0.9188034, 0.91239315]",0.3,0.01,0.001
"[0.5364669561386108, 0.5824263095855713, 0.6068991422653198, 0.7543554306030273, 0.5789780616760254, 0.4379922151565552, 0.5267334580421448, 0.9172652363777161, 0.6419403553009033, 0.7455579042434692, 0.6032866835594177, 0.6046725511550903, 1.0051372051239014, 0.7608168125152588, 0.6582628488540649, 0.7258033752441406, 0.5340023040771484, 0.954377293586731, 0.5461788177490234, 0.5428699254989624, 0.5570129156112671, 0.629166841506958, 0.5769741535186768, 0.4860103130340576, 0.6692187190055847]","[0.8601996898651123, 0.8573466539382935, 0.8587731719017029, 0.8388017416000366, 0.8616262674331665, 0.871612012386322, 0.8430812954902649, 0.7974322438240051, 0.8316690325737, 0.8544935584068298, 0.815977156162262, 0.8259629011154175, 0.8131241202354431, 0.8302425146102905, 0.8573466539382935, 0.8416547775268555, 0.835948646068573, 0.7960057258605957, 0.8530670404434204, 0.855920135974884, 0.8145506381988525, 0.8102710247039795, 0.8487874269485474, 0.804564893245697, 0.8573466539382935]","[0.952103195367036, 0.5731017148053205, 0.519122204379818, 0.5234233853314337, 0.5034479959058625, 0.49321804087386173, 0.4680939461091305, 0.5169905974314764, 0.49271035924596324, 0.5127196580256492, 0.5326107346434199, 0.5162000921037462, 0.4725815939088153, 0.4733548838528473, 0.4869292440407636, 0.500550522763505, 0.4792391778397085, 0.4989652083470271, 0.5053115298605373, 0.4981377145164033, 0.5117718794746616, 0.5319932052212902, 0.5138000667604625, 0.5157330363903969, 0.4699703649408118]","[0.7065527, 0.8468661, 0.8668091, 0.8554131, 0.866453, 0.875, 0.88141024, 0.866453, 0.8732194, 0.8668091, 0.8611111, 0.86752135, 0.8849715, 0.8789174, 0.87606835, 0.86609685, 0.8774929, 0.8710826, 0.8717949, 0.87393165, 0.87856126, 0.8668091, 0.87286323, 0.8717949, 0.88532764]",0.3,0.01,0.005
"[1.0483750104904175, 0.872519850730896, 0.7691094279289246, 0.5261176228523254, 0.4890419840812683, 0.3603050708770752, 0.4977991580963135, 0.5491936206817627, 0.2486150562763214, 0.2902980446815491, 0.39691129326820374, 0.2552618682384491, 0.2928358018398285, 0.37207090854644775, 0.536954939365387, 0.3222353160381317, 0.33177638053894043, 0.3257133960723877, 0.43930959701538086, 0.41127610206604004, 0.40636417269706726, 0.5028296113014221, 0.4297391474246979, 0.31956493854522705, 0.24891364574432373]","[0.6547788977622986, 0.7489300966262817, 0.7945791482925415, 0.8131241202354431, 0.8216832876205444, 0.8373751640319824, 0.815977156162262, 0.8388017416000366, 0.8388017416000366, 0.8316690325737, 0.8573466539382935, 0.8544935584068298, 0.8644793033599854, 0.8473609089851379, 0.855920135974884, 0.8616262674331665, 0.8573466539382935, 0.8630527853965759, 0.867332398891449, 0.8573466539382935, 0.840228259563446, 0.8630527853965759, 0.8773181438446045, 0.8630527853965759, 0.8616262674331665]","[1.590678998208114, 0.9316219105000509, 0.7015738410827441, 0.5872014425588808, 0.5088937992383952, 0.4932911829051808, 0.4542716809487411, 0.4341394331550326, 0.3997374131129338, 0.3830001214121142, 0.36902059839661644, 0.35176436870526046, 0.34811727936111625, 0.3541845357485986, 0.3297870562881486, 0.3322507491138926, 0.3176498660165021, 0.3062047787711152, 0.32162682325751696, 0.2937246448973305, 0.2876053348480806, 0.30218277536226473, 0.2826692570648302, 0.2807282506570517, 0.2824680755111227]","[0.38639602, 0.66096866, 0.755698, 0.7905983, 0.83368945, 0.8272792, 0.83760685, 0.84508544, 0.8603989, 0.8639601, 0.8710826, 0.875, 0.87856126, 0.8703704, 0.8849715, 0.87998575, 0.892094, 0.89529914, 0.88532764, 0.89245015, 0.8967236, 0.8888889, 0.89850426, 0.90384614, 0.9013533]",0.5,0.00001,0.0005
"[0.6863468885421753, 0.41315600275993347, 0.39352473616600037, 0.3357108235359192, 0.49017560482025146, 0.3045825660228729, 0.3804682791233063, 0.3959735631942749, 0.43582683801651, 0.37685441970825195, 0.3761293292045593, 0.30464640259742737, 0.3032386600971222, 0.3935205340385437, 0.45193809270858765, 0.27495136857032776, 0.48907455801963806, 0.24066084623336792, 0.36851298809051514, 0.2900314927101135, 0.5177493095397949, 0.25017184019088745, 0.2676694393157959, 0.23330096900463104, 0.34341251850128174]","[0.7931526303291321, 0.815977156162262, 0.804564893245697, 0.835948646068573, 0.8473609089851379, 0.8544935584068298, 0.8430812954902649, 0.8630527853965759, 0.867332398891449, 0.8601996898651123, 0.8644793033599854, 0.8644793033599854, 0.867332398891449, 0.855920135974884, 0.8487874269485474, 0.8587731719017029, 0.8616262674331665, 0.8630527853965759, 0.8630527853965759, 0.8659058213233948, 0.8644793033599854, 0.8616262674331665, 0.8630527853965759, 0.8659058213233948, 0.867332398891449]","[1.315928093728177, 0.627823311209339, 0.5300080569041761, 0.45366083378465766, 0.3997950249078267, 0.38923566344796423, 0.35841986002066195, 0.3400901025346881, 0.33227942081598133, 0.3392693981146201, 0.31917507195065165, 0.30736663283785526, 0.27845302402463734, 0.27752776010933083, 0.27495414358258585, 0.2760902101497705, 0.25500821579046057, 0.2532279801334751, 0.25706928505686955, 0.2587334872395904, 0.24576825845954764, 0.2546321654591465, 0.23846828958757244, 0.24059463651091964, 0.2295869759939335]","[0.49679488, 0.7816951, 0.8141026, 0.83903134, 0.86075497, 0.8618234, 0.8710826, 0.8817664, 0.87606835, 0.877849, 0.8821225, 0.8881766, 0.9027778, 0.89921653, 0.900641, 0.8974359, 0.90776354, 0.9081197, 0.90384614, 0.9020655, 0.9145299, 0.90918803, 0.9166667, 0.90918803, 0.91381764]",0.5,0.00001,0.001
"[0.3402791917324066, 0.4981938600540161, 0.7119648456573486, 0.3831177353858948, 0.5061654448509216, 0.3665419816970825, 0.41985273361206055, 0.47358381748199463, 0.36516761779785156, 0.39356565475463867, 0.4625391662120819, 0.42670270800590515, 0.31982749700546265, 0.2771517038345337, 0.37488701939582825, 0.21716758608818054, 0.7715010643005371, 1.0594983100891113, 0.46570345759391785, 0.31052595376968384, 0.2789318561553955, 0.4861329197883606, 0.6478316187858582, 0.6001959443092346, 0.47673097252845764]","[0.7960057258605957, 0.8345221281051636, 0.8502140045166016, 0.8530670404434204, 0.8644793033599854, 0.8659058213233948, 0.8288159966468811, 0.8601996898651123, 0.8587731719017029, 0.8573466539382935, 0.8701854348182678, 0.855920135974884, 0.8659058213233948, 0.8416547775268555, 0.8644793033599854, 0.8601996898651123, 0.8630527853965759, 0.8430812954902649, 0.8659058213233948, 0.8601996898651123, 0.8544935584068298, 0.8530670404434204, 0.8373751640319824, 0.855920135974884, 0.8216832876205444]","[0.8322538580649939, 0.4282064949005757, 0.3770795882257641, 0.3360518101613406, 0.3572060988839196, 0.3273478766791841, 0.33865109349248074, 0.3713704461385722, 0.34814764308793594, 0.27873046823546416, 0.27492911718849444, 0.2819099880096919, 0.3048838724268128, 0.2927226729882069, 0.35985870222080807, 0.2900031675130893, 0.29126212968785536, 0.2926246782823166, 0.31518878140340845, 0.356833852594055, 0.299739095347899, 0.2965786531355306, 0.30199360847473145, 0.2828421376624338, 0.260204602680315]","[0.6908832, 0.8425926, 0.86467236, 0.8782051, 0.8689459, 0.8796296, 0.8789174, 0.87393165, 0.87535614, 0.8981481, 0.9017094, 0.9066951, 0.89245015, 0.89921653, 0.8782051, 0.9027778, 0.9017094, 0.9031339, 0.8945869, 0.88853276, 0.8917379, 0.90384614, 0.89707977, 0.9027778, 0.90954417]",0.5,0.00001,0.005
"[1.2611761093139648, 0.6845869421958923, 0.655977189540863, 0.6091859936714172, 0.49458903074264526, 0.5011546015739441, 0.5113877058029175, 0.44628670811653137, 0.3692401051521301, 0.39845672249794006, 0.36616256833076477, 0.2558293342590332, 0.29094570875167847, 0.3062661290168762, 0.3901139795780182, 0.40940526127815247, 0.49449053406715393, 0.40506044030189514, 0.28669407963752747, 0.462388813495636, 0.5157290697097778, 0.37021899223327637, 0.3846803307533264, 0.4141330420970917, 0.5733864307403564]","[0.5135520696640015, 0.7631954550743103, 0.7845934629440308, 0.8174037337303162, 0.8145506381988525, 0.8416547775268555, 0.8502140045166016, 0.8288159966468811, 0.8459343910217285, 0.855920135974884, 0.871612012386322, 0.8573466539382935, 0.8687589168548584, 0.8815976977348328, 0.8430812954902649, 0.840228259563446, 0.8758915662765503, 0.8416547775268555, 0.8659058213233948, 0.8530670404434204, 0.867332398891449, 0.8730385303497314, 0.8773181438446045, 0.8815976977348328, 0.8730385303497314]","[1.70505888441689, 0.9679602849857081, 0.699574391726415, 0.6038834676783309, 0.5441215359247648, 0.5059441384087261, 0.45636475442821145, 0.43397984800175726, 0.39965643553312685, 0.39616605979085306, 0.3708849905053435, 0.36622066052890573, 0.3635164234373305, 0.34317095866400293, 0.3355770842981474, 0.32007804500241566, 0.3215661412290698, 0.3212929541229183, 0.31592989918852804, 0.29851052954665613, 0.295528211569854, 0.2915564231213681, 0.2799491303259151, 0.29676427443822223, 0.28045682893519386]","[0.3368946, 0.636396, 0.75783473, 0.7852564, 0.8055556, 0.8230057, 0.84223646, 0.8504273, 0.8678775, 0.8564815, 0.8717949, 0.87143874, 0.8774929, 0.87998575, 0.88461536, 0.88853276, 0.88141024, 0.88532764, 0.88853276, 0.89138174, 0.89102566, 0.89707977, 0.89850426, 0.9017094, 0.8956553]",0.5,0.0001,0.0005
"[0.6102668046951294, 0.492588609457016, 0.4922321140766144, 0.389690101146698, 0.363831102848053, 0.41550856828689575, 0.360930472612381, 0.31154850125312805, 0.42190274596214294, 0.502191960811615, 0.2977842092514038, 0.2368859201669693, 0.36627840995788574, 0.5323164463043213, 0.5735102295875549, 0.3472214341163635, 0.47749409079551697, 0.7012431621551514, 0.49529829621315, 0.25523048639297485, 0.5863389372825623, 0.2785740792751312, 0.4971504211425781, 0.40345823764801025, 0.33254891633987427]","[0.7275320887565613, 0.7931526303291321, 0.8059914112091064, 0.8502140045166016, 0.8473609089851379, 0.840228259563446, 0.8530670404434204, 0.8544935584068298, 0.8630527853965759, 0.851640522480011, 0.8502140045166016, 0.8573466539382935, 0.8445078730583191, 0.8530670404434204, 0.8502140045166016, 0.8587731719017029, 0.855920135974884, 0.8430812954902649, 0.8544935584068298, 0.8601996898651123, 0.8473609089851379, 0.8701854348182678, 0.8445078730583191, 0.8473609089851379, 0.8758915662765503]","[1.3353449051876014, 0.6558112096243095, 0.51140238943263, 0.4436787644512633, 0.4043664049219202, 0.3855497152717025, 0.3529292524200559, 0.33569154542395874, 0.3308026821185381, 0.3197587707273641, 0.31115238585023797, 0.2957463626168732, 0.28552356489703185, 0.2716399827743867, 0.2756742161733133, 0.2732135318113528, 0.2629905263243238, 0.2560019283382981, 0.25025060908746855, 0.2661861272958609, 0.2649453257733261, 0.2597659188627857, 0.24443060134211156, 0.2445307789195297, 0.2524698157595773]","[0.48539886, 0.7638889, 0.8240741, 0.8497151, 0.86075497, 0.8689459, 0.8725071, 0.87998575, 0.8789174, 0.88853276, 0.8856838, 0.89316237, 0.8967236, 0.9013533, 0.89921653, 0.9020655, 0.9074074, 0.90954417, 0.9088319, 0.89992875, 0.90099716, 0.9106125, 0.9113248, 0.9106125, 0.9066951]",0.5,0.0001,0.001
"[0.3405984044075012, 0.33053597807884216, 0.3278689384460449, 0.4978332817554474, 0.33734583854675293, 0.46889057755470276, 0.4754787087440491, 0.8815993666648865, 0.6741417050361633, 0.42424285411834717, 0.7575559020042419, 1.118727207183838, 0.6335728168487549, 0.5952561497688293, 0.7583529949188232, 1.1201941967010498, 0.5384694933891296, 0.5155952572822571, 0.5107227563858032, 0.8005202412605286, 0.5873209834098816, 0.6660860776901245, 0.6002147793769836, 0.21267469227313995, 0.33163362741470337]","[0.8373751640319824, 0.8459343910217285, 0.8430812954902649, 0.8573466539382935, 0.8701854348182678, 0.8231098651885986, 0.820256769657135, 0.8502140045166016, 0.8502140045166016, 0.8430812954902649, 0.8487874269485474, 0.7974322438240051, 0.8330955505371094, 0.8330955505371094, 0.7917261123657227, 0.7917261123657227, 0.8017118573188782, 0.8174037337303162, 0.820256769657135, 0.840228259563446, 0.8259629011154175, 0.8445078730583191, 0.8573466539382935, 0.8587731719017029, 0.8487874269485474]","[0.8320742957612388, 0.41636941066155064, 0.36772835237687806, 0.337028750327238, 0.32607640572253116, 0.32268834699932325, 0.31900812350107394, 0.33953882155255377, 0.3381409364887792, 0.3003095480111929, 0.28786780818914753, 0.3051694742804579, 0.35978006110911354, 0.2897413272378791, 0.3320029114301388, 0.2880861268423901, 0.31022571065487003, 0.3158897977439087, 0.3586218010666024, 0.28288005572608393, 0.3170190716740752, 0.29707500448933355, 0.31374512031207397, 0.3167197708560531, 0.3046229387450422]","[0.7022792, 0.8525641, 0.8668091, 0.87606835, 0.87606835, 0.87927353, 0.88247865, 0.8789174, 0.8842593, 0.8974359, 0.89921653, 0.8960114, 0.88247865, 0.892094, 0.8881766, 0.9027778, 0.89921653, 0.8956553, 0.8860399, 0.9045584, 0.89245015, 0.89707977, 0.89992875, 0.9013533, 0.89529914]",0.5,0.0001,0.005
"[0.8916822671890259, 0.6728444695472717, 0.49806636571884155, 0.5605512261390686, 0.5353701114654541, 0.5015171766281128, 0.46878987550735474, 0.6422887444496155, 0.4515010118484497, 0.41461238265037537, 0.42913106083869934, 0.466589093208313, 0.390060693025589, 0.478181928396225, 0.4437323808670044, 0.4793602526187897, 0.38077038526535034, 0.4530408978462219, 0.32178425788879395, 0.712891161441803, 0.2291630059480667, 0.37475478649139404, 0.3531940281391144, 0.6205732822418213, 0.38462814688682556]","[0.671897292137146, 0.7432239651679993, 0.7689015865325928, 0.7874464988708496, 0.7774607539176941, 0.7803138494491577, 0.8074179887771606, 0.8116976022720337, 0.8116976022720337, 0.8245363831520081, 0.820256769657135, 0.8302425146102905, 0.8388017416000366, 0.8388017416000366, 0.8430812954902649, 0.851640522480011, 0.8345221281051636, 0.8487874269485474, 0.8373751640319824, 0.8473609089851379, 0.8473609089851379, 0.8473609089851379, 0.8530670404434204, 0.8644793033599854, 0.867332398891449]","[1.6707486685185011, 0.9460628725524641, 0.6971913543861477, 0.6066901024929818, 0.5524406993491018, 0.4977973431263894, 0.4428660555442854, 0.43539663070966717, 0.4240753030844903, 0.3986121241183702, 0.3970147968187631, 0.37052669773074637, 0.36048641248985575, 0.35798577493072575, 0.34019469943141667, 0.3333600914036786, 0.336027515367565, 0.3113466630294452, 0.3312981745116731, 0.31223992965160274, 0.3051520165724632, 0.3023120974033986, 0.29812818392049895, 0.30452600253103806, 0.29972727329303056]","[0.35470086, 0.65349, 0.75641024, 0.7923789, 0.8073362, 0.82763535, 0.8557692, 0.85470086, 0.8532764, 0.86609685, 0.86716527, 0.87286323, 0.8757123, 0.8767806, 0.8810541, 0.88710827, 0.8945869, 0.8942308, 0.88995725, 0.89850426, 0.89245015, 0.90349, 0.8917379, 0.8974359, 0.89707977]",0.5,0.001,0.0005
"[0.5057641267776489, 0.4899624288082123, 0.5119357109069824, 0.28625139594078064, 0.41233232617378235, 0.3992903530597687, 0.26887819170951843, 0.27278831601142883, 0.28978392481803894, 0.18616661429405212, 0.5459428429603577, 0.2831053137779236, 0.4783044457435608, 0.5263104438781738, 0.5078384280204773, 0.4326476454734802, 0.3516559898853302, 0.36347389221191406, 0.19702264666557312, 0.3093581795692444, 0.31611448526382446, 0.30716216564178467, 0.2714924216270447, 0.2866404354572296, 0.3526848256587982]","[0.788873016834259, 0.804564893245697, 0.8031383752822876, 0.8416547775268555, 0.835948646068573, 0.8644793033599854, 0.8445078730583191, 0.8573466539382935, 0.8487874269485474, 0.8473609089851379, 0.8530670404434204, 0.8459343910217285, 0.8416547775268555, 0.8373751640319824, 0.835948646068573, 0.8473609089851379, 0.8473609089851379, 0.8416547775268555, 0.8616262674331665, 0.8616262674331665, 0.8601996898651123, 0.8744650483131409, 0.8601996898651123, 0.8430812954902649, 0.8644793033599854]","[1.279183618363492, 0.658746334901902, 0.5298887455565298, 0.4463260398800896, 0.4247825719692089, 0.3955118461721643, 0.37925994302812127, 0.377649961288838, 0.3453392122375999, 0.3310306889039499, 0.32329408888123995, 0.3226135759441941, 0.31770911367021054, 0.2839068958052882, 0.28884502697704184, 0.2781660408206135, 0.29135865932516225, 0.2840698284131509, 0.273806430930086, 0.2879595560820354, 0.27814017461236046, 0.2701411115647721, 0.2765442511210075, 0.2604935259221286, 0.27308047390901125]","[0.5238604, 0.7678063, 0.8158832, 0.84508544, 0.8511396, 0.869302, 0.8757123, 0.86858976, 0.88247865, 0.88461536, 0.88390315, 0.89316237, 0.89387465, 0.9017094, 0.89992875, 0.90954417, 0.9013533, 0.89992875, 0.91096866, 0.90384614, 0.9045584, 0.91168094, 0.90776354, 0.91168094, 0.9113248]",0.5,0.001,0.001
"[0.5767613649368286, 0.5637414455413818, 0.45120829343795776, 0.329276442527771, 0.47936245799064636, 0.27134355902671814, 0.5024531483650208, 0.5057070255279541, 0.840903103351593, 0.328054815530777, 0.40604743361473083, 0.644730806350708, 1.0579675436019897, 0.6928775906562805, 0.5814315676689148, 0.6036287546157837, 0.425520122051239, 0.35976889729499817, 0.6518532633781433, 0.4448774456977844, 0.5588404536247253, 0.6475445628166199, 0.37068912386894226, 1.2150975465774536, 0.5056289434432983]","[0.7917261123657227, 0.820256769657135, 0.8188302516937256, 0.8730385303497314, 0.8388017416000366, 0.835948646068573, 0.8231098651885986, 0.8445078730583191, 0.8116976022720337, 0.8473609089851379, 0.840228259563446, 0.8259629011154175, 0.7845934629440308, 0.8345221281051636, 0.8459343910217285, 0.851640522480011, 0.8330955505371094, 0.8273894190788269, 0.840228259563446, 0.8502140045166016, 0.8273894190788269, 0.8573466539382935, 0.8530670404434204, 0.7960057258605957, 0.835948646068573]","[0.8017290665043725, 0.43681182472454516, 0.39206078699511343, 0.389673946420012, 0.370714663185625, 0.3450246561966051, 0.34962733111150585, 0.3494214223660635, 0.34336613538937694, 0.34454095397579704, 0.38029820839224376, 0.3651432301583793, 0.36812445648715025, 0.33392385599280355, 0.3298068666390204, 0.37874130951373325, 0.3405263664630743, 0.3378895731733056, 0.3446548030926631, 0.35337580744697156, 0.32883408300557365, 0.3579197193143035, 0.36331078325241717, 0.3482948066162588, 0.34461285347952125]","[0.7136752, 0.8504273, 0.86609685, 0.8696581, 0.87464386, 0.88141024, 0.88710827, 0.8896011, 0.88461536, 0.8831909, 0.8767806, 0.87927353, 0.894943, 0.89779204, 0.89529914, 0.8874644, 0.8981481, 0.8942308, 0.89102566, 0.8960114, 0.9002849, 0.89529914, 0.89529914, 0.900641, 0.89245015]",0.5,0.001,0.005
"[1.2324174642562866, 0.8122223615646362, 0.7011677026748657, 0.6767240762710571, 0.539432942867279, 0.5733617544174194, 0.5850610136985779, 0.5012764930725098, 0.5359441041946411, 0.5725401043891907, 0.5295709371566772, 0.4772976040840149, 0.535581648349762, 0.5475127100944519, 0.644827127456665, 0.5733690857887268, 0.474278062582016, 0.5753015875816345, 0.6021546721458435, 0.48276659846305847, 0.4404948055744171, 0.5890140533447266, 0.6400476694107056, 0.5013022422790527, 0.47385096549987793]","[0.6162624955177307, 0.7360913157463074, 0.7589158415794373, 0.7974322438240051, 0.815977156162262, 0.8302425146102905, 0.8031383752822876, 0.8316690325737, 0.8330955505371094, 0.8416547775268555, 0.8316690325737, 0.8459343910217285, 0.8373751640319824, 0.8445078730583191, 0.835948646068573, 0.8373751640319824, 0.8416547775268555, 0.8459343910217285, 0.8530670404434204, 0.851640522480011, 0.8430812954902649, 0.8388017416000366, 0.8416547775268555, 0.867332398891449, 0.8530670404434204]","[1.8383014195325367, 1.097220185135844, 0.8484694616407411, 0.721540178668465, 0.6611214193523439, 0.5948512112652814, 0.573521318768504, 0.550284814800632, 0.5284385285486183, 0.5117707072499811, 0.5017862584855821, 0.4861670049846682, 0.47206780407843085, 0.4665157355134643, 0.4460544744108477, 0.4491732782787747, 0.4309020800638063, 0.43148802403371217, 0.4348720009849961, 0.41866177770486923, 0.4175988730372187, 0.4049921319355652, 0.40696537588057013, 0.39772516777712397, 0.3970219039509439]","[0.3287037, 0.6406695, 0.7453704, 0.7991453, 0.8101852, 0.8425926, 0.8425926, 0.849359, 0.8639601, 0.86538464, 0.86467236, 0.87393165, 0.87713677, 0.875, 0.88247865, 0.8803419, 0.8903134, 0.8903134, 0.8928063, 0.89529914, 0.8888889, 0.9020655, 0.8917379, 0.89636755, 0.900641]",0.5,0.01,0.0005
"[0.7437676787376404, 0.6210635304450989, 0.5826178193092346, 0.5768111944198608, 0.44296562671661377, 0.4633602499961853, 0.509953498840332, 0.6588882207870483, 0.622971773147583, 0.5123624205589294, 0.5164193511009216, 0.5071417689323425, 0.6669511795043945, 0.535942554473877, 0.4654417932033539, 0.53101646900177, 0.5980058312416077, 0.5909826159477234, 0.6801090836524963, 0.4656195044517517, 0.33997082710266113, 0.5448910593986511, 0.32926276326179504, 0.3643971085548401, 0.5388610363006592]","[0.7717546224594116, 0.8216832876205444, 0.8416547775268555, 0.8530670404434204, 0.8573466539382935, 0.8345221281051636, 0.8701854348182678, 0.8430812954902649, 0.8630527853965759, 0.835948646068573, 0.8616262674331665, 0.8502140045166016, 0.8473609089851379, 0.8302425146102905, 0.8544935584068298, 0.8416547775268555, 0.8701854348182678, 0.867332398891449, 0.871612012386322, 0.8430812954902649, 0.8601996898651123, 0.8687589168548584, 0.8644793033599854, 0.8273894190788269, 0.8544935584068298]","[1.379206871035432, 0.7575476079584866, 0.617390968011655, 0.5750521239731726, 0.5208455330965526, 0.4967086887427545, 0.4777677257855733, 0.4562139118838514, 0.4322873184993396, 0.4350483559305512, 0.4199959314786471, 0.41352453547665197, 0.41534869045953127, 0.3904382639121466, 0.3896627234257864, 0.393984936835759, 0.37198821100753937, 0.38747626738330915, 0.3748179928020195, 0.3879435410526743, 0.370248485494543, 0.3680641569642939, 0.38530375271441253, 0.38224853817214316, 0.3749476413101892]","[0.5067664, 0.7706553, 0.8301282, 0.8368946, 0.8639601, 0.86538464, 0.8821225, 0.886396, 0.8881766, 0.88390315, 0.8888889, 0.8945869, 0.8942308, 0.90491456, 0.90633905, 0.90633905, 0.91168094, 0.9074074, 0.90633905, 0.90527064, 0.90847576, 0.91239315, 0.9066951, 0.9027778, 0.90776354]",0.5,0.01,0.001
"[0.8418602347373962, 0.5001903176307678, 0.462999165058136, 0.5352399945259094, 0.5177577137947083, 0.5755125284194946, 0.5289930105209351, 0.5916003584861755, 0.6358838677406311, 0.7782790660858154, 0.712661623954773, 0.4660654664039612, 0.6531274318695068, 0.541153609752655, 0.8077340126037598, 0.5979616045951843, 0.6648728251457214, 0.4905610680580139, 0.5866987705230713, 0.6583932638168335, 0.9171106219291687, 0.551088273525238, 0.7331679463386536, 0.7811545133590698, 0.5697168111801147]","[0.773181140422821, 0.855920135974884, 0.8316690325737, 0.8616262674331665, 0.8459343910217285, 0.800285279750824, 0.8330955505371094, 0.855920135974884, 0.8587731719017029, 0.8601996898651123, 0.7945791482925415, 0.820256769657135, 0.840228259563446, 0.8174037337303162, 0.8017118573188782, 0.8544935584068298, 0.7874464988708496, 0.8288159966468811, 0.8174037337303162, 0.8502140045166016, 0.8373751640319824, 0.8744650483131409, 0.8416547775268555, 0.8088445067405701, 0.8330955505371094]","[0.9574874734606837, 0.5965912841324114, 0.5261436865540312, 0.4894626159274001, 0.49314491633336427, 0.4991813952426965, 0.467176401801938, 0.49774868569822395, 0.4683272602551343, 0.4855893653342527, 0.5063459414702195, 0.5027267347034227, 0.49090209781614125, 0.4819566320489954, 0.4799930400658197, 0.46763256913915996, 0.5146536005188597, 0.5256087375841929, 0.5205449062874514, 0.5077786010894341, 0.5279887788995379, 0.4785882448538756, 0.47883433646965573, 0.45959525060789536, 0.5173008351923734]","[0.70584047, 0.83511394, 0.86289173, 0.87606835, 0.87464386, 0.866453, 0.87998575, 0.8717949, 0.8817664, 0.8774929, 0.8735755, 0.8703704, 0.8717949, 0.875, 0.87856126, 0.88390315, 0.866453, 0.857906, 0.87606835, 0.8735755, 0.8596866, 0.87606835, 0.8774929, 0.8906695, 0.86538464]",0.5,0.01,0.005
